timestamp,date,time,temp,device_code,serial_number,mode_code
1739302069,2025-02-11,19:27:49,30.8,RC-5+,EFI241107334,TLC30A08B
1739302079,2025-02-11,19:27:59,30.8,RC-5+,EFI241107334,TLC30A08B
1739302089,2025-02-11,19:28:09,30.8,RC-5+,EFI241107334,TLC30A08B
1739302099,2025-02-11,19:28:19,30.8,RC-5+,EFI241107334,TLC30A08B
1739302109,2025-02-11,19:28:29,30.9,RC-5+,EFI241107334,TLC30A08B
1739302119,2025-02-11,19:28:39,30.9,RC-5+,EFI241107334,TLC30A08B
1739302129,2025-02-11,19:28:49,30.9,RC-5+,EFI241107334,TLC30A08B
1739302139,2025-02-11,19:28:59,30.9,RC-5+,EFI241107334,TLC30A08B
1739302149,2025-02-11,19:29:09,30.9,RC-5+,EFI241107334,TLC30A08B
1739302159,2025-02-11,19:29:19,30.9,RC-5+,EFI241107334,TLC30A08B
1739302169,2025-02-11,19:29:29,31.0,RC-5+,EFI241107334,TLC30A08B
1739302179,2025-02-11,19:29:39,31.0,RC-5+,EFI241107334,TLC30A08B
1739302189,2025-02-11,19:29:49,31.0,RC-5+,EFI241107334,TLC30A08B
1739302199,2025-02-11,19:29:59,31.0,RC-5+,EFI241107334,TLC30A08B
1739302209,2025-02-11,19:30:09,31.0,RC-5+,EFI241107334,TLC30A08B
1739302219,2025-02-11,19:30:19,31.0,RC-5+,EFI241107334,TLC30A08B
1739302229,2025-02-11,19:30:29,31.0,RC-5+,EFI241107334,TLC30A08B
1739302239,2025-02-11,19:30:39,31.0,RC-5+,EFI241107334,TLC30A08B
1739302249,2025-02-11,19:30:49,31.0,RC-5+,EFI241107334,TLC30A08B
1739302259,2025-02-11,19:30:59,31.0,RC-5+,EFI241107334,TLC30A08B
1739302269,2025-02-11,19:31:09,31.0,RC-5+,EFI241107334,TLC30A08B
1739302279,2025-02-11,19:31:19,31.0,RC-5+,EFI241107334,TLC30A08B
1739302289,2025-02-11,19:31:29,31.1,RC-5+,EFI241107334,TLC30A08B
1739302299,2025-02-11,19:31:39,31.1,RC-5+,EFI241107334,TLC30A08B
1739302309,2025-02-11,19:31:49,31.1,RC-5+,EFI241107334,TLC30A08B
1739302319,2025-02-11,19:31:59,31.1,RC-5+,EFI241107334,TLC30A08B
1739302329,2025-02-11,19:32:09,31.1,RC-5+,EFI241107334,TLC30A08B
1739302339,2025-02-11,19:32:19,31.1,RC-5+,EFI241107334,TLC30A08B
1739302349,2025-02-11,19:32:29,31.1,RC-5+,EFI241107334,TLC30A08B
1739302359,2025-02-11,19:32:39,31.1,RC-5+,EFI241107334,TLC30A08B
1739302369,2025-02-11,19:32:49,31.1,RC-5+,EFI241107334,TLC30A08B
1739302379,2025-02-11,19:32:59,31.1,RC-5+,EFI241107334,TLC30A08B
1739302389,2025-02-11,19:33:09,31.1,RC-5+,EFI241107334,TLC30A08B
1739302399,2025-02-11,19:33:19,31.2,RC-5+,EFI241107334,TLC30A08B
1739302409,2025-02-11,19:33:29,31.2,RC-5+,EFI241107334,TLC30A08B
1739302419,2025-02-11,19:33:39,31.2,RC-5+,EFI241107334,TLC30A08B
1739302429,2025-02-11,19:33:49,31.2,RC-5+,EFI241107334,TLC30A08B
1739302439,2025-02-11,19:33:59,31.2,RC-5+,EFI241107334,TLC30A08B
1739302449,2025-02-11,19:34:09,31.2,RC-5+,EFI241107334,TLC30A08B
1739302459,2025-02-11,19:34:19,31.2,RC-5+,EFI241107334,TLC30A08B
1739302469,2025-02-11,19:34:29,31.2,RC-5+,EFI241107334,TLC30A08B
1739302479,2025-02-11,19:34:39,31.2,RC-5+,EFI241107334,TLC30A08B
1739302489,2025-02-11,19:34:49,31.2,RC-5+,EFI241107334,TLC30A08B
1739302499,2025-02-11,19:34:59,31.2,RC-5+,EFI241107334,TLC30A08B
1739302509,2025-02-11,19:35:09,31.2,RC-5+,EFI241107334,TLC30A08B
1739302519,2025-02-11,19:35:19,31.2,RC-5+,EFI241107334,TLC30A08B
1739302529,2025-02-11,19:35:29,31.2,RC-5+,EFI241107334,TLC30A08B
1739302539,2025-02-11,19:35:39,31.2,RC-5+,EFI241107334,TLC30A08B
1739302549,2025-02-11,19:35:49,31.2,RC-5+,EFI241107334,TLC30A08B
1739302559,2025-02-11,19:35:59,31.3,RC-5+,EFI241107334,TLC30A08B
1739302569,2025-02-11,19:36:09,31.3,RC-5+,EFI241107334,TLC30A08B
1739302579,2025-02-11,19:36:19,31.3,RC-5+,EFI241107334,TLC30A08B
1739302589,2025-02-11,19:36:29,31.3,RC-5+,EFI241107334,TLC30A08B
1739302599,2025-02-11,19:36:39,31.3,RC-5+,EFI241107334,TLC30A08B
1739302609,2025-02-11,19:36:49,31.3,RC-5+,EFI241107334,TLC30A08B
1739302619,2025-02-11,19:36:59,31.3,RC-5+,EFI241107334,TLC30A08B
1739302629,2025-02-11,19:37:09,31.3,RC-5+,EFI241107334,TLC30A08B
1739302639,2025-02-11,19:37:19,31.4,RC-5+,EFI241107334,TLC30A08B
1739302649,2025-02-11,19:37:29,31.4,RC-5+,EFI241107334,TLC30A08B
1739302659,2025-02-11,19:37:39,31.4,RC-5+,EFI241107334,TLC30A08B
1739302669,2025-02-11,19:37:49,31.5,RC-5+,EFI241107334,TLC30A08B
1739302679,2025-02-11,19:37:59,31.5,RC-5+,EFI241107334,TLC30A08B
1739302689,2025-02-11,19:38:09,31.5,RC-5+,EFI241107334,TLC30A08B
1739302699,2025-02-11,19:38:19,31.5,RC-5+,EFI241107334,TLC30A08B
1739302709,2025-02-11,19:38:29,31.6,RC-5+,EFI241107334,TLC30A08B
1739302719,2025-02-11,19:38:39,31.6,RC-5+,EFI241107334,TLC30A08B
1739302729,2025-02-11,19:38:49,31.6,RC-5+,EFI241107334,TLC30A08B
1739302739,2025-02-11,19:38:59,31.6,RC-5+,EFI241107334,TLC30A08B
1739302749,2025-02-11,19:39:09,31.6,RC-5+,EFI241107334,TLC30A08B
1739302759,2025-02-11,19:39:19,31.6,RC-5+,EFI241107334,TLC30A08B
1739302769,2025-02-11,19:39:29,31.6,RC-5+,EFI241107334,TLC30A08B
1739302779,2025-02-11,19:39:39,31.6,RC-5+,EFI241107334,TLC30A08B
1739302789,2025-02-11,19:39:49,31.6,RC-5+,EFI241107334,TLC30A08B
1739302799,2025-02-11,19:39:59,31.6,RC-5+,EFI241107334,TLC30A08B
1739302809,2025-02-11,19:40:09,31.6,RC-5+,EFI241107334,TLC30A08B
1739302819,2025-02-11,19:40:19,31.6,RC-5+,EFI241107334,TLC30A08B
1739302829,2025-02-11,19:40:29,31.7,RC-5+,EFI241107334,TLC30A08B
1739302839,2025-02-11,19:40:39,31.7,RC-5+,EFI241107334,TLC30A08B
1739302849,2025-02-11,19:40:49,31.7,RC-5+,EFI241107334,TLC30A08B
1739302859,2025-02-11,19:40:59,31.7,RC-5+,EFI241107334,TLC30A08B
1739302869,2025-02-11,19:41:09,31.7,RC-5+,EFI241107334,TLC30A08B
1739302879,2025-02-11,19:41:19,31.7,RC-5+,EFI241107334,TLC30A08B
1739302889,2025-02-11,19:41:29,31.7,RC-5+,EFI241107334,TLC30A08B
1739302899,2025-02-11,19:41:39,31.7,RC-5+,EFI241107334,TLC30A08B
1739302909,2025-02-11,19:41:49,31.8,RC-5+,EFI241107334,TLC30A08B
1739302919,2025-02-11,19:41:59,31.8,RC-5+,EFI241107334,TLC30A08B
1739302929,2025-02-11,19:42:09,31.8,RC-5+,EFI241107334,TLC30A08B
1739302939,2025-02-11,19:42:19,31.9,RC-5+,EFI241107334,TLC30A08B
1739302949,2025-02-11,19:42:29,31.9,RC-5+,EFI241107334,TLC30A08B
1739302959,2025-02-11,19:42:39,31.9,RC-5+,EFI241107334,TLC30A08B
1739302969,2025-02-11,19:42:49,31.9,RC-5+,EFI241107334,TLC30A08B
1739302979,2025-02-11,19:42:59,31.9,RC-5+,EFI241107334,TLC30A08B
1739302989,2025-02-11,19:43:09,31.9,RC-5+,EFI241107334,TLC30A08B
1739302999,2025-02-11,19:43:19,31.9,RC-5+,EFI241107334,TLC30A08B
1739303009,2025-02-11,19:43:29,31.9,RC-5+,EFI241107334,TLC30A08B
1739303019,2025-02-11,19:43:39,31.9,RC-5+,EFI241107334,TLC30A08B
1739303029,2025-02-11,19:43:49,31.9,RC-5+,EFI241107334,TLC30A08B
1739303039,2025-02-11,19:43:59,31.9,RC-5+,EFI241107334,TLC30A08B
1739303049,2025-02-11,19:44:09,31.9,RC-5+,EFI241107334,TLC30A08B
1739303059,2025-02-11,19:44:19,31.9,RC-5+,EFI241107334,TLC30A08B
1739303069,2025-02-11,19:44:29,31.9,RC-5+,EFI241107334,TLC30A08B
1739303079,2025-02-11,19:44:39,31.8,RC-5+,EFI241107334,TLC30A08B
1739303089,2025-02-11,19:44:49,31.8,RC-5+,EFI241107334,TLC30A08B
1739303099,2025-02-11,19:44:59,31.8,RC-5+,EFI241107334,TLC30A08B
1739303109,2025-02-11,19:45:09,31.8,RC-5+,EFI241107334,TLC30A08B
1739303119,2025-02-11,19:45:19,31.8,RC-5+,EFI241107334,TLC30A08B
1739303129,2025-02-11,19:45:29,31.8,RC-5+,EFI241107334,TLC30A08B
1739303139,2025-02-11,19:45:39,31.8,RC-5+,EFI241107334,TLC30A08B
1739303149,2025-02-11,19:45:49,31.8,RC-5+,EFI241107334,TLC30A08B
1739303159,2025-02-11,19:45:59,31.8,RC-5+,EFI241107334,TLC30A08B
1739303169,2025-02-11,19:46:09,31.8,RC-5+,EFI241107334,TLC30A08B
1739303179,2025-02-11,19:46:19,31.8,RC-5+,EFI241107334,TLC30A08B
1739303189,2025-02-11,19:46:29,31.8,RC-5+,EFI241107334,TLC30A08B
1739303199,2025-02-11,19:46:39,31.8,RC-5+,EFI241107334,TLC30A08B
1739303209,2025-02-11,19:46:49,31.7,RC-5+,EFI241107334,TLC30A08B
1739303219,2025-02-11,19:46:59,31.7,RC-5+,EFI241107334,TLC30A08B
1739303229,2025-02-11,19:47:09,31.7,RC-5+,EFI241107334,TLC30A08B
1739303239,2025-02-11,19:47:19,31.7,RC-5+,EFI241107334,TLC30A08B
1739303249,2025-02-11,19:47:29,31.7,RC-5+,EFI241107334,TLC30A08B
1739303259,2025-02-11,19:47:39,31.7,RC-5+,EFI241107334,TLC30A08B
1739303269,2025-02-11,19:47:49,31.7,RC-5+,EFI241107334,TLC30A08B
1739303279,2025-02-11,19:47:59,31.7,RC-5+,EFI241107334,TLC30A08B
1739303289,2025-02-11,19:48:09,31.8,RC-5+,EFI241107334,TLC30A08B
1739303299,2025-02-11,19:48:19,31.8,RC-5+,EFI241107334,TLC30A08B
1739303309,2025-02-11,19:48:29,31.8,RC-5+,EFI241107334,TLC30A08B
1739303319,2025-02-11,19:48:39,31.9,RC-5+,EFI241107334,TLC30A08B
1739303329,2025-02-11,19:48:49,31.9,RC-5+,EFI241107334,TLC30A08B
1739303339,2025-02-11,19:48:59,31.9,RC-5+,EFI241107334,TLC30A08B
1739303349,2025-02-11,19:49:09,32.0,RC-5+,EFI241107334,TLC30A08B
1739303359,2025-02-11,19:49:19,32.0,RC-5+,EFI241107334,TLC30A08B
1739303369,2025-02-11,19:49:29,32.0,RC-5+,EFI241107334,TLC30A08B
1739303379,2025-02-11,19:49:39,32.0,RC-5+,EFI241107334,TLC30A08B
1739303389,2025-02-11,19:49:49,32.1,RC-5+,EFI241107334,TLC30A08B
1739303399,2025-02-11,19:49:59,32.1,RC-5+,EFI241107334,TLC30A08B
1739303409,2025-02-11,19:50:09,32.1,RC-5+,EFI241107334,TLC30A08B
1739303419,2025-02-11,19:50:19,32.1,RC-5+,EFI241107334,TLC30A08B
1739303429,2025-02-11,19:50:29,32.1,RC-5+,EFI241107334,TLC30A08B
1739303439,2025-02-11,19:50:39,32.1,RC-5+,EFI241107334,TLC30A08B
1739303449,2025-02-11,19:50:49,32.1,RC-5+,EFI241107334,TLC30A08B
1739303459,2025-02-11,19:50:59,32.1,RC-5+,EFI241107334,TLC30A08B
1739303469,2025-02-11,19:51:09,32.1,RC-5+,EFI241107334,TLC30A08B
1739303479,2025-02-11,19:51:19,32.1,RC-5+,EFI241107334,TLC30A08B
1739303489,2025-02-11,19:51:29,32.2,RC-5+,EFI241107334,TLC30A08B
1739303499,2025-02-11,19:51:39,32.2,RC-5+,EFI241107334,TLC30A08B
1739303509,2025-02-11,19:51:49,32.2,RC-5+,EFI241107334,TLC30A08B
1739303519,2025-02-11,19:51:59,32.2,RC-5+,EFI241107334,TLC30A08B
1739303529,2025-02-11,19:52:09,32.2,RC-5+,EFI241107334,TLC30A08B
1739303539,2025-02-11,19:52:19,32.2,RC-5+,EFI241107334,TLC30A08B
1739303549,2025-02-11,19:52:29,32.2,RC-5+,EFI241107334,TLC30A08B
1739303559,2025-02-11,19:52:39,32.2,RC-5+,EFI241107334,TLC30A08B
1739303569,2025-02-11,19:52:49,32.3,RC-5+,EFI241107334,TLC30A08B
1739303579,2025-02-11,19:52:59,32.3,RC-5+,EFI241107334,TLC30A08B
1739303589,2025-02-11,19:53:09,32.3,RC-5+,EFI241107334,TLC30A08B
1739303599,2025-02-11,19:53:19,32.3,RC-5+,EFI241107334,TLC30A08B
1739303609,2025-02-11,19:53:29,32.3,RC-5+,EFI241107334,TLC30A08B
1739303619,2025-02-11,19:53:39,32.3,RC-5+,EFI241107334,TLC30A08B
1739303629,2025-02-11,19:53:49,32.3,RC-5+,EFI241107334,TLC30A08B
1739303639,2025-02-11,19:53:59,32.2,RC-5+,EFI241107334,TLC30A08B
1739303649,2025-02-11,19:54:09,32.2,RC-5+,EFI241107334,TLC30A08B
1739303659,2025-02-11,19:54:19,32.2,RC-5+,EFI241107334,TLC30A08B
1739303669,2025-02-11,19:54:29,32.2,RC-5+,EFI241107334,TLC30A08B
1739303679,2025-02-11,19:54:39,32.2,RC-5+,EFI241107334,TLC30A08B
1739303689,2025-02-11,19:54:49,32.2,RC-5+,EFI241107334,TLC30A08B
1739303699,2025-02-11,19:54:59,32.2,RC-5+,EFI241107334,TLC30A08B
1739303709,2025-02-11,19:55:09,32.2,RC-5+,EFI241107334,TLC30A08B
1739303719,2025-02-11,19:55:19,32.2,RC-5+,EFI241107334,TLC30A08B
1739303729,2025-02-11,19:55:29,32.2,RC-5+,EFI241107334,TLC30A08B
1739303739,2025-02-11,19:55:39,32.1,RC-5+,EFI241107334,TLC30A08B
1739303749,2025-02-11,19:55:49,32.1,RC-5+,EFI241107334,TLC30A08B
1739303759,2025-02-11,19:55:59,32.1,RC-5+,EFI241107334,TLC30A08B
1739303769,2025-02-11,19:56:09,32.1,RC-5+,EFI241107334,TLC30A08B
1739303779,2025-02-11,19:56:19,32.1,RC-5+,EFI241107334,TLC30A08B
1739303789,2025-02-11,19:56:29,32.1,RC-5+,EFI241107334,TLC30A08B
1739303799,2025-02-11,19:56:39,32.1,RC-5+,EFI241107334,TLC30A08B
1739303809,2025-02-11,19:56:49,32.1,RC-5+,EFI241107334,TLC30A08B
1739303819,2025-02-11,19:56:59,32.1,RC-5+,EFI241107334,TLC30A08B
1739303829,2025-02-11,19:57:09,32.1,RC-5+,EFI241107334,TLC30A08B
1739303839,2025-02-11,19:57:19,32.0,RC-5+,EFI241107334,TLC30A08B
1739303849,2025-02-11,19:57:29,32.0,RC-5+,EFI241107334,TLC30A08B
1739303859,2025-02-11,19:57:39,32.0,RC-5+,EFI241107334,TLC30A08B
1739303869,2025-02-11,19:57:49,32.0,RC-5+,EFI241107334,TLC30A08B
1739303879,2025-02-11,19:57:59,32.0,RC-5+,EFI241107334,TLC30A08B
1739303889,2025-02-11,19:58:09,32.0,RC-5+,EFI241107334,TLC30A08B
1739303899,2025-02-11,19:58:19,32.0,RC-5+,EFI241107334,TLC30A08B
1739303909,2025-02-11,19:58:29,32.0,RC-5+,EFI241107334,TLC30A08B
1739303919,2025-02-11,19:58:39,32.0,RC-5+,EFI241107334,TLC30A08B
1739303929,2025-02-11,19:58:49,32.0,RC-5+,EFI241107334,TLC30A08B
1739303939,2025-02-11,19:58:59,32.0,RC-5+,EFI241107334,TLC30A08B
1739303949,2025-02-11,19:59:09,32.0,RC-5+,EFI241107334,TLC30A08B
1739303959,2025-02-11,19:59:19,32.0,RC-5+,EFI241107334,TLC30A08B
1739303969,2025-02-11,19:59:29,31.9,RC-5+,EFI241107334,TLC30A08B
1739303979,2025-02-11,19:59:39,31.9,RC-5+,EFI241107334,TLC30A08B
1739303989,2025-02-11,19:59:49,31.9,RC-5+,EFI241107334,TLC30A08B
1739303999,2025-02-11,19:59:59,31.9,RC-5+,EFI241107334,TLC30A08B
1739304009,2025-02-11,20:00:09,31.9,RC-5+,EFI241107334,TLC30A08B
1739304019,2025-02-11,20:00:19,31.9,RC-5+,EFI241107334,TLC30A08B
1739304029,2025-02-11,20:00:29,31.9,RC-5+,EFI241107334,TLC30A08B
1739304039,2025-02-11,20:00:39,31.9,RC-5+,EFI241107334,TLC30A08B
1739304049,2025-02-11,20:00:49,31.9,RC-5+,EFI241107334,TLC30A08B
1739304059,2025-02-11,20:00:59,31.9,RC-5+,EFI241107334,TLC30A08B
1739304069,2025-02-11,20:01:09,32.0,RC-5+,EFI241107334,TLC30A08B
1739304079,2025-02-11,20:01:19,32.0,RC-5+,EFI241107334,TLC30A08B
1739304089,2025-02-11,20:01:29,32.0,RC-5+,EFI241107334,TLC30A08B
1739304099,2025-02-11,20:01:39,32.0,RC-5+,EFI241107334,TLC30A08B
1739304109,2025-02-11,20:01:49,32.0,RC-5+,EFI241107334,TLC30A08B
1739304119,2025-02-11,20:01:59,32.0,RC-5+,EFI241107334,TLC30A08B
1739304129,2025-02-11,20:02:09,32.0,RC-5+,EFI241107334,TLC30A08B
1739304139,2025-02-11,20:02:19,32.0,RC-5+,EFI241107334,TLC30A08B
1739304149,2025-02-11,20:02:29,32.0,RC-5+,EFI241107334,TLC30A08B
1739304159,2025-02-11,20:02:39,32.0,RC-5+,EFI241107334,TLC30A08B
1739304169,2025-02-11,20:02:49,32.0,RC-5+,EFI241107334,TLC30A08B
1739304179,2025-02-11,20:02:59,32.0,RC-5+,EFI241107334,TLC30A08B
1739304189,2025-02-11,20:03:09,31.9,RC-5+,EFI241107334,TLC30A08B
1739304199,2025-02-11,20:03:19,31.9,RC-5+,EFI241107334,TLC30A08B
1739304209,2025-02-11,20:03:29,31.9,RC-5+,EFI241107334,TLC30A08B
1739304219,2025-02-11,20:03:39,31.9,RC-5+,EFI241107334,TLC30A08B
1739304229,2025-02-11,20:03:49,31.9,RC-5+,EFI241107334,TLC30A08B
1739304239,2025-02-11,20:03:59,31.9,RC-5+,EFI241107334,TLC30A08B
1739304249,2025-02-11,20:04:09,31.9,RC-5+,EFI241107334,TLC30A08B
1739304259,2025-02-11,20:04:19,31.9,RC-5+,EFI241107334,TLC30A08B
1739304269,2025-02-11,20:04:29,31.9,RC-5+,EFI241107334,TLC30A08B
1739304279,2025-02-11,20:04:39,31.9,RC-5+,EFI241107334,TLC30A08B
1739304289,2025-02-11,20:04:49,31.9,RC-5+,EFI241107334,TLC30A08B
1739304299,2025-02-11,20:04:59,31.9,RC-5+,EFI241107334,TLC30A08B
1739304309,2025-02-11,20:05:09,31.9,RC-5+,EFI241107334,TLC30A08B
1739304319,2025-02-11,20:05:19,31.9,RC-5+,EFI241107334,TLC30A08B
1739304329,2025-02-11,20:05:29,31.9,RC-5+,EFI241107334,TLC30A08B
1739304339,2025-02-11,20:05:39,31.9,RC-5+,EFI241107334,TLC30A08B
1739304349,2025-02-11,20:05:49,31.9,RC-5+,EFI241107334,TLC30A08B
1739304359,2025-02-11,20:05:59,31.8,RC-5+,EFI241107334,TLC30A08B
1739304369,2025-02-11,20:06:09,31.8,RC-5+,EFI241107334,TLC30A08B
1739304379,2025-02-11,20:06:19,31.8,RC-5+,EFI241107334,TLC30A08B
1739304389,2025-02-11,20:06:29,31.8,RC-5+,EFI241107334,TLC30A08B
1739304399,2025-02-11,20:06:39,31.8,RC-5+,EFI241107334,TLC30A08B
1739304409,2025-02-11,20:06:49,31.8,RC-5+,EFI241107334,TLC30A08B
1739304419,2025-02-11,20:06:59,31.8,RC-5+,EFI241107334,TLC30A08B
1739304429,2025-02-11,20:07:09,31.8,RC-5+,EFI241107334,TLC30A08B
1739304439,2025-02-11,20:07:19,31.8,RC-5+,EFI241107334,TLC30A08B
1739304449,2025-02-11,20:07:29,31.8,RC-5+,EFI241107334,TLC30A08B
1739304459,2025-02-11,20:07:39,31.8,RC-5+,EFI241107334,TLC30A08B
1739304469,2025-02-11,20:07:49,31.7,RC-5+,EFI241107334,TLC30A08B
1739304479,2025-02-11,20:07:59,31.7,RC-5+,EFI241107334,TLC30A08B
1739304489,2025-02-11,20:08:09,31.7,RC-5+,EFI241107334,TLC30A08B
1739304499,2025-02-11,20:08:19,31.7,RC-5+,EFI241107334,TLC30A08B
1739304509,2025-02-11,20:08:29,31.7,RC-5+,EFI241107334,TLC30A08B
1739304519,2025-02-11,20:08:39,31.7,RC-5+,EFI241107334,TLC30A08B
1739304529,2025-02-11,20:08:49,31.7,RC-5+,EFI241107334,TLC30A08B
1739304539,2025-02-11,20:08:59,31.7,RC-5+,EFI241107334,TLC30A08B
1739304549,2025-02-11,20:09:09,31.7,RC-5+,EFI241107334,TLC30A08B
1739304559,2025-02-11,20:09:19,31.7,RC-5+,EFI241107334,TLC30A08B
1739304569,2025-02-11,20:09:29,31.7,RC-5+,EFI241107334,TLC30A08B
1739304579,2025-02-11,20:09:39,31.7,RC-5+,EFI241107334,TLC30A08B
1739304589,2025-02-11,20:09:49,31.7,RC-5+,EFI241107334,TLC30A08B
1739304599,2025-02-11,20:09:59,31.6,RC-5+,EFI241107334,TLC30A08B
1739304609,2025-02-11,20:10:09,31.6,RC-5+,EFI241107334,TLC30A08B
1739304619,2025-02-11,20:10:19,31.6,RC-5+,EFI241107334,TLC30A08B
1739304629,2025-02-11,20:10:29,31.6,RC-5+,EFI241107334,TLC30A08B
1739304639,2025-02-11,20:10:39,31.6,RC-5+,EFI241107334,TLC30A08B
1739304649,2025-02-11,20:10:49,31.6,RC-5+,EFI241107334,TLC30A08B
1739304659,2025-02-11,20:10:59,31.6,RC-5+,EFI241107334,TLC30A08B
1739304669,2025-02-11,20:11:09,31.6,RC-5+,EFI241107334,TLC30A08B
1739304679,2025-02-11,20:11:19,31.6,RC-5+,EFI241107334,TLC30A08B
1739304689,2025-02-11,20:11:29,31.6,RC-5+,EFI241107334,TLC30A08B
1739304699,2025-02-11,20:11:39,31.6,RC-5+,EFI241107334,TLC30A08B
1739304709,2025-02-11,20:11:49,31.5,RC-5+,EFI241107334,TLC30A08B
1739304719,2025-02-11,20:11:59,31.5,RC-5+,EFI241107334,TLC30A08B
1739304729,2025-02-11,20:12:09,31.5,RC-5+,EFI241107334,TLC30A08B
1739304739,2025-02-11,20:12:19,31.5,RC-5+,EFI241107334,TLC30A08B
1739304749,2025-02-11,20:12:29,31.5,RC-5+,EFI241107334,TLC30A08B
1739304759,2025-02-11,20:12:39,31.5,RC-5+,EFI241107334,TLC30A08B
1739304769,2025-02-11,20:12:49,31.5,RC-5+,EFI241107334,TLC30A08B
1739304779,2025-02-11,20:12:59,31.5,RC-5+,EFI241107334,TLC30A08B
1739304789,2025-02-11,20:13:09,31.5,RC-5+,EFI241107334,TLC30A08B
1739304799,2025-02-11,20:13:19,31.5,RC-5+,EFI241107334,TLC30A08B
1739304809,2025-02-11,20:13:29,31.5,RC-5+,EFI241107334,TLC30A08B
1739304819,2025-02-11,20:13:39,31.4,RC-5+,EFI241107334,TLC30A08B
1739304829,2025-02-11,20:13:49,31.4,RC-5+,EFI241107334,TLC30A08B
1739304839,2025-02-11,20:13:59,31.4,RC-5+,EFI241107334,TLC30A08B
1739304849,2025-02-11,20:14:09,31.4,RC-5+,EFI241107334,TLC30A08B
1739304859,2025-02-11,20:14:19,31.4,RC-5+,EFI241107334,TLC30A08B
1739304869,2025-02-11,20:14:29,31.4,RC-5+,EFI241107334,TLC30A08B
1739304879,2025-02-11,20:14:39,31.4,RC-5+,EFI241107334,TLC30A08B
1739304889,2025-02-11,20:14:49,31.4,RC-5+,EFI241107334,TLC30A08B
1739304899,2025-02-11,20:14:59,31.4,RC-5+,EFI241107334,TLC30A08B
1739304909,2025-02-11,20:15:09,31.4,RC-5+,EFI241107334,TLC30A08B
1739304919,2025-02-11,20:15:19,31.4,RC-5+,EFI241107334,TLC30A08B
1739304929,2025-02-11,20:15:29,31.4,RC-5+,EFI241107334,TLC30A08B
1739304939,2025-02-11,20:15:39,31.3,RC-5+,EFI241107334,TLC30A08B
1739304949,2025-02-11,20:15:49,31.3,RC-5+,EFI241107334,TLC30A08B
1739304959,2025-02-11,20:15:59,31.3,RC-5+,EFI241107334,TLC30A08B
1739304969,2025-02-11,20:16:09,31.3,RC-5+,EFI241107334,TLC30A08B
1739304979,2025-02-11,20:16:19,31.3,RC-5+,EFI241107334,TLC30A08B
1739304989,2025-02-11,20:16:29,31.3,RC-5+,EFI241107334,TLC30A08B
1739304999,2025-02-11,20:16:39,31.3,RC-5+,EFI241107334,TLC30A08B
1739305009,2025-02-11,20:16:49,31.3,RC-5+,EFI241107334,TLC30A08B
1739305019,2025-02-11,20:16:59,31.3,RC-5+,EFI241107334,TLC30A08B
1739305029,2025-02-11,20:17:09,31.3,RC-5+,EFI241107334,TLC30A08B
1739305039,2025-02-11,20:17:19,31.3,RC-5+,EFI241107334,TLC30A08B
1739305049,2025-02-11,20:17:29,31.3,RC-5+,EFI241107334,TLC30A08B
1739305059,2025-02-11,20:17:39,31.3,RC-5+,EFI241107334,TLC30A08B
1739305069,2025-02-11,20:17:49,31.3,RC-5+,EFI241107334,TLC30A08B
1739305079,2025-02-11,20:17:59,31.2,RC-5+,EFI241107334,TLC30A08B
1739305089,2025-02-11,20:18:09,31.2,RC-5+,EFI241107334,TLC30A08B
1739305099,2025-02-11,20:18:19,31.2,RC-5+,EFI241107334,TLC30A08B
1739305109,2025-02-11,20:18:29,31.2,RC-5+,EFI241107334,TLC30A08B
1739305119,2025-02-11,20:18:39,31.2,RC-5+,EFI241107334,TLC30A08B
1739305129,2025-02-11,20:18:49,31.2,RC-5+,EFI241107334,TLC30A08B
1739305139,2025-02-11,20:18:59,31.2,RC-5+,EFI241107334,TLC30A08B
1739305149,2025-02-11,20:19:09,31.2,RC-5+,EFI241107334,TLC30A08B
1739305159,2025-02-11,20:19:19,31.2,RC-5+,EFI241107334,TLC30A08B
1739305169,2025-02-11,20:19:29,31.2,RC-5+,EFI241107334,TLC30A08B
1739305179,2025-02-11,20:19:39,31.2,RC-5+,EFI241107334,TLC30A08B
1739305189,2025-02-11,20:19:49,31.2,RC-5+,EFI241107334,TLC30A08B
1739305199,2025-02-11,20:19:59,31.2,RC-5+,EFI241107334,TLC30A08B
1739305209,2025-02-11,20:20:09,31.2,RC-5+,EFI241107334,TLC30A08B
1739305219,2025-02-11,20:20:19,31.2,RC-5+,EFI241107334,TLC30A08B
1739305229,2025-02-11,20:20:29,31.2,RC-5+,EFI241107334,TLC30A08B
1739305239,2025-02-11,20:20:39,31.2,RC-5+,EFI241107334,TLC30A08B
1739305249,2025-02-11,20:20:49,31.2,RC-5+,EFI241107334,TLC30A08B
1739305259,2025-02-11,20:20:59,31.1,RC-5+,EFI241107334,TLC30A08B
1739305269,2025-02-11,20:21:09,31.1,RC-5+,EFI241107334,TLC30A08B
1739305279,2025-02-11,20:21:19,31.1,RC-5+,EFI241107334,TLC30A08B
1739305289,2025-02-11,20:21:29,31.1,RC-5+,EFI241107334,TLC30A08B
1739305299,2025-02-11,20:21:39,31.1,RC-5+,EFI241107334,TLC30A08B
1739305309,2025-02-11,20:21:49,31.1,RC-5+,EFI241107334,TLC30A08B
1739305319,2025-02-11,20:21:59,31.1,RC-5+,EFI241107334,TLC30A08B
1739305329,2025-02-11,20:22:09,31.1,RC-5+,EFI241107334,TLC30A08B
1739305339,2025-02-11,20:22:19,31.1,RC-5+,EFI241107334,TLC30A08B
1739305349,2025-02-11,20:22:29,31.1,RC-5+,EFI241107334,TLC30A08B
1739305359,2025-02-11,20:22:39,31.1,RC-5+,EFI241107334,TLC30A08B
1739305369,2025-02-11,20:22:49,31.1,RC-5+,EFI241107334,TLC30A08B
1739305379,2025-02-11,20:22:59,31.1,RC-5+,EFI241107334,TLC30A08B
1739305389,2025-02-11,20:23:09,31.1,RC-5+,EFI241107334,TLC30A08B
1739305399,2025-02-11,20:23:19,31.1,RC-5+,EFI241107334,TLC30A08B
1739305409,2025-02-11,20:23:29,31.1,RC-5+,EFI241107334,TLC30A08B
1739305419,2025-02-11,20:23:39,31.1,RC-5+,EFI241107334,TLC30A08B
1739305429,2025-02-11,20:23:49,31.1,RC-5+,EFI241107334,TLC30A08B
1739305439,2025-02-11,20:23:59,31.1,RC-5+,EFI241107334,TLC30A08B
1739305449,2025-02-11,20:24:09,31.1,RC-5+,EFI241107334,TLC30A08B
1739305459,2025-02-11,20:24:19,31.1,RC-5+,EFI241107334,TLC30A08B
1739305469,2025-02-11,20:24:29,31.1,RC-5+,EFI241107334,TLC30A08B
1739305479,2025-02-11,20:24:39,31.0,RC-5+,EFI241107334,TLC30A08B
1739305489,2025-02-11,20:24:49,31.0,RC-5+,EFI241107334,TLC30A08B
1739305499,2025-02-11,20:24:59,31.0,RC-5+,EFI241107334,TLC30A08B
1739305509,2025-02-11,20:25:09,31.0,RC-5+,EFI241107334,TLC30A08B
1739305519,2025-02-11,20:25:19,31.0,RC-5+,EFI241107334,TLC30A08B
1739305529,2025-02-11,20:25:29,31.0,RC-5+,EFI241107334,TLC30A08B
1739305539,2025-02-11,20:25:39,31.0,RC-5+,EFI241107334,TLC30A08B
1739305549,2025-02-11,20:25:49,31.0,RC-5+,EFI241107334,TLC30A08B
1739305559,2025-02-11,20:25:59,31.0,RC-5+,EFI241107334,TLC30A08B
1739305569,2025-02-11,20:26:09,31.0,RC-5+,EFI241107334,TLC30A08B
1739305579,2025-02-11,20:26:19,31.0,RC-5+,EFI241107334,TLC30A08B
1739305589,2025-02-11,20:26:29,31.0,RC-5+,EFI241107334,TLC30A08B
1739305599,2025-02-11,20:26:39,31.0,RC-5+,EFI241107334,TLC30A08B
1739305609,2025-02-11,20:26:49,31.0,RC-5+,EFI241107334,TLC30A08B
1739305619,2025-02-11,20:26:59,31.0,RC-5+,EFI241107334,TLC30A08B
1739305629,2025-02-11,20:27:09,31.0,RC-5+,EFI241107334,TLC30A08B
1739305639,2025-02-11,20:27:19,31.0,RC-5+,EFI241107334,TLC30A08B
1739305649,2025-02-11,20:27:29,31.0,RC-5+,EFI241107334,TLC30A08B
1739305659,2025-02-11,20:27:39,31.0,RC-5+,EFI241107334,TLC30A08B
1739305669,2025-02-11,20:27:49,31.0,RC-5+,EFI241107334,TLC30A08B
1739305679,2025-02-11,20:27:59,31.0,RC-5+,EFI241107334,TLC30A08B
1739305689,2025-02-11,20:28:09,31.0,RC-5+,EFI241107334,TLC30A08B
1739305699,2025-02-11,20:28:19,31.0,RC-5+,EFI241107334,TLC30A08B
1739305709,2025-02-11,20:28:29,31.0,RC-5+,EFI241107334,TLC30A08B
1739305719,2025-02-11,20:28:39,31.0,RC-5+,EFI241107334,TLC30A08B
1739305729,2025-02-11,20:28:49,31.0,RC-5+,EFI241107334,TLC30A08B
1739305739,2025-02-11,20:28:59,31.0,RC-5+,EFI241107334,TLC30A08B
1739305749,2025-02-11,20:29:09,31.0,RC-5+,EFI241107334,TLC30A08B
1739305759,2025-02-11,20:29:19,30.9,RC-5+,EFI241107334,TLC30A08B
1739305769,2025-02-11,20:29:29,30.9,RC-5+,EFI241107334,TLC30A08B
1739305779,2025-02-11,20:29:39,30.9,RC-5+,EFI241107334,TLC30A08B
1739305789,2025-02-11,20:29:49,30.9,RC-5+,EFI241107334,TLC30A08B
1739305799,2025-02-11,20:29:59,31.0,RC-5+,EFI241107334,TLC30A08B
1739305809,2025-02-11,20:30:09,31.0,RC-5+,EFI241107334,TLC30A08B
1739305819,2025-02-11,20:30:19,31.0,RC-5+,EFI241107334,TLC30A08B
1739305829,2025-02-11,20:30:29,31.0,RC-5+,EFI241107334,TLC30A08B
1739305839,2025-02-11,20:30:39,31.0,RC-5+,EFI241107334,TLC30A08B
1739305849,2025-02-11,20:30:49,31.0,RC-5+,EFI241107334,TLC30A08B
1739305859,2025-02-11,20:30:59,31.0,RC-5+,EFI241107334,TLC30A08B
1739305869,2025-02-11,20:31:09,31.0,RC-5+,EFI241107334,TLC30A08B
1739305879,2025-02-11,20:31:19,30.9,RC-5+,EFI241107334,TLC30A08B
1739305889,2025-02-11,20:31:29,30.9,RC-5+,EFI241107334,TLC30A08B
1739305899,2025-02-11,20:31:39,30.9,RC-5+,EFI241107334,TLC30A08B
1739305909,2025-02-11,20:31:49,30.9,RC-5+,EFI241107334,TLC30A08B
1739305919,2025-02-11,20:31:59,30.9,RC-5+,EFI241107334,TLC30A08B
1739305929,2025-02-11,20:32:09,30.9,RC-5+,EFI241107334,TLC30A08B
1739305939,2025-02-11,20:32:19,30.9,RC-5+,EFI241107334,TLC30A08B
1739305949,2025-02-11,20:32:29,30.9,RC-5+,EFI241107334,TLC30A08B
1739305959,2025-02-11,20:32:39,30.9,RC-5+,EFI241107334,TLC30A08B
1739305969,2025-02-11,20:32:49,30.9,RC-5+,EFI241107334,TLC30A08B
1739305979,2025-02-11,20:32:59,30.9,RC-5+,EFI241107334,TLC30A08B
1739305989,2025-02-11,20:33:09,30.8,RC-5+,EFI241107334,TLC30A08B
1739305999,2025-02-11,20:33:19,30.8,RC-5+,EFI241107334,TLC30A08B
1739306009,2025-02-11,20:33:29,30.8,RC-5+,EFI241107334,TLC30A08B
1739306019,2025-02-11,20:33:39,30.8,RC-5+,EFI241107334,TLC30A08B
1739306029,2025-02-11,20:33:49,30.8,RC-5+,EFI241107334,TLC30A08B
1739306039,2025-02-11,20:33:59,30.8,RC-5+,EFI241107334,TLC30A08B
1739306049,2025-02-11,20:34:09,30.8,RC-5+,EFI241107334,TLC30A08B
1739306059,2025-02-11,20:34:19,30.8,RC-5+,EFI241107334,TLC30A08B
1739306069,2025-02-11,20:34:29,30.8,RC-5+,EFI241107334,TLC30A08B
1739306079,2025-02-11,20:34:39,30.8,RC-5+,EFI241107334,TLC30A08B
1739306089,2025-02-11,20:34:49,30.7,RC-5+,EFI241107334,TLC30A08B
1739306099,2025-02-11,20:34:59,30.7,RC-5+,EFI241107334,TLC30A08B
1739306109,2025-02-11,20:35:09,30.7,RC-5+,EFI241107334,TLC30A08B
1739306119,2025-02-11,20:35:19,30.7,RC-5+,EFI241107334,TLC30A08B
1739306129,2025-02-11,20:35:29,30.7,RC-5+,EFI241107334,TLC30A08B
1739306139,2025-02-11,20:35:39,30.7,RC-5+,EFI241107334,TLC30A08B
1739306149,2025-02-11,20:35:49,30.7,RC-5+,EFI241107334,TLC30A08B
1739306159,2025-02-11,20:35:59,30.7,RC-5+,EFI241107334,TLC30A08B
1739306169,2025-02-11,20:36:09,30.7,RC-5+,EFI241107334,TLC30A08B
1739306179,2025-02-11,20:36:19,30.7,RC-5+,EFI241107334,TLC30A08B
1739306189,2025-02-11,20:36:29,30.7,RC-5+,EFI241107334,TLC30A08B
1739306199,2025-02-11,20:36:39,30.7,RC-5+,EFI241107334,TLC30A08B
1739306209,2025-02-11,20:36:49,30.7,RC-5+,EFI241107334,TLC30A08B
1739306219,2025-02-11,20:36:59,30.7,RC-5+,EFI241107334,TLC30A08B
1739306229,2025-02-11,20:37:09,30.7,RC-5+,EFI241107334,TLC30A08B
1739306239,2025-02-11,20:37:19,30.7,RC-5+,EFI241107334,TLC30A08B
1739306249,2025-02-11,20:37:29,30.7,RC-5+,EFI241107334,TLC30A08B
1739306259,2025-02-11,20:37:39,30.6,RC-5+,EFI241107334,TLC30A08B
1739306269,2025-02-11,20:37:49,30.6,RC-5+,EFI241107334,TLC30A08B
1739306279,2025-02-11,20:37:59,30.6,RC-5+,EFI241107334,TLC30A08B
1739306289,2025-02-11,20:38:09,30.6,RC-5+,EFI241107334,TLC30A08B
1739306299,2025-02-11,20:38:19,30.6,RC-5+,EFI241107334,TLC30A08B
1739306309,2025-02-11,20:38:29,30.6,RC-5+,EFI241107334,TLC30A08B
1739306319,2025-02-11,20:38:39,30.6,RC-5+,EFI241107334,TLC30A08B
1739306329,2025-02-11,20:38:49,30.6,RC-5+,EFI241107334,TLC30A08B
1739306339,2025-02-11,20:38:59,30.6,RC-5+,EFI241107334,TLC30A08B
1739306349,2025-02-11,20:39:09,30.6,RC-5+,EFI241107334,TLC30A08B
1739306359,2025-02-11,20:39:19,30.6,RC-5+,EFI241107334,TLC30A08B
1739306369,2025-02-11,20:39:29,30.6,RC-5+,EFI241107334,TLC30A08B
1739306379,2025-02-11,20:39:39,30.6,RC-5+,EFI241107334,TLC30A08B
1739306389,2025-02-11,20:39:49,30.6,RC-5+,EFI241107334,TLC30A08B
1739306399,2025-02-11,20:39:59,30.6,RC-5+,EFI241107334,TLC30A08B
1739306409,2025-02-11,20:40:09,30.6,RC-5+,EFI241107334,TLC30A08B
1739306419,2025-02-11,20:40:19,30.6,RC-5+,EFI241107334,TLC30A08B
1739306429,2025-02-11,20:40:29,30.6,RC-5+,EFI241107334,TLC30A08B
1739306439,2025-02-11,20:40:39,30.6,RC-5+,EFI241107334,TLC30A08B
1739306449,2025-02-11,20:40:49,30.6,RC-5+,EFI241107334,TLC30A08B
1739306459,2025-02-11,20:40:59,30.6,RC-5+,EFI241107334,TLC30A08B
1739306469,2025-02-11,20:41:09,30.6,RC-5+,EFI241107334,TLC30A08B
1739306479,2025-02-11,20:41:19,30.6,RC-5+,EFI241107334,TLC30A08B
1739306489,2025-02-11,20:41:29,30.5,RC-5+,EFI241107334,TLC30A08B
1739306499,2025-02-11,20:41:39,30.5,RC-5+,EFI241107334,TLC30A08B
1739306509,2025-02-11,20:41:49,30.5,RC-5+,EFI241107334,TLC30A08B
1739306519,2025-02-11,20:41:59,30.5,RC-5+,EFI241107334,TLC30A08B
1739306529,2025-02-11,20:42:09,30.5,RC-5+,EFI241107334,TLC30A08B
1739306539,2025-02-11,20:42:19,30.5,RC-5+,EFI241107334,TLC30A08B
1739306549,2025-02-11,20:42:29,30.5,RC-5+,EFI241107334,TLC30A08B
1739306559,2025-02-11,20:42:39,30.5,RC-5+,EFI241107334,TLC30A08B
1739306569,2025-02-11,20:42:49,30.5,RC-5+,EFI241107334,TLC30A08B
1739306579,2025-02-11,20:42:59,30.5,RC-5+,EFI241107334,TLC30A08B
1739306589,2025-02-11,20:43:09,30.5,RC-5+,EFI241107334,TLC30A08B
1739306599,2025-02-11,20:43:19,30.5,RC-5+,EFI241107334,TLC30A08B
1739306609,2025-02-11,20:43:29,30.5,RC-5+,EFI241107334,TLC30A08B
1739306619,2025-02-11,20:43:39,30.5,RC-5+,EFI241107334,TLC30A08B
1739306629,2025-02-11,20:43:49,30.5,RC-5+,EFI241107334,TLC30A08B
1739306639,2025-02-11,20:43:59,30.5,RC-5+,EFI241107334,TLC30A08B
1739306649,2025-02-11,20:44:09,30.5,RC-5+,EFI241107334,TLC30A08B
1739306659,2025-02-11,20:44:19,30.5,RC-5+,EFI241107334,TLC30A08B
1739306669,2025-02-11,20:44:29,30.5,RC-5+,EFI241107334,TLC30A08B
1739306679,2025-02-11,20:44:39,30.5,RC-5+,EFI241107334,TLC30A08B
1739306689,2025-02-11,20:44:49,30.5,RC-5+,EFI241107334,TLC30A08B
1739306699,2025-02-11,20:44:59,30.5,RC-5+,EFI241107334,TLC30A08B
1739306709,2025-02-11,20:45:09,30.5,RC-5+,EFI241107334,TLC30A08B
1739306719,2025-02-11,20:45:19,30.5,RC-5+,EFI241107334,TLC30A08B
1739306729,2025-02-11,20:45:29,30.5,RC-5+,EFI241107334,TLC30A08B
1739306739,2025-02-11,20:45:39,30.5,RC-5+,EFI241107334,TLC30A08B
1739306749,2025-02-11,20:45:49,30.5,RC-5+,EFI241107334,TLC30A08B
1739306759,2025-02-11,20:45:59,30.5,RC-5+,EFI241107334,TLC30A08B
1739306769,2025-02-11,20:46:09,30.5,RC-5+,EFI241107334,TLC30A08B
1739306779,2025-02-11,20:46:19,30.5,RC-5+,EFI241107334,TLC30A08B
1739306789,2025-02-11,20:46:29,30.5,RC-5+,EFI241107334,TLC30A08B
1739306799,2025-02-11,20:46:39,30.5,RC-5+,EFI241107334,TLC30A08B
1739306809,2025-02-11,20:46:49,30.5,RC-5+,EFI241107334,TLC30A08B
1739306819,2025-02-11,20:46:59,30.5,RC-5+,EFI241107334,TLC30A08B
1739306829,2025-02-11,20:47:09,30.5,RC-5+,EFI241107334,TLC30A08B
1739306839,2025-02-11,20:47:19,30.5,RC-5+,EFI241107334,TLC30A08B
1739306849,2025-02-11,20:47:29,30.5,RC-5+,EFI241107334,TLC30A08B
1739306859,2025-02-11,20:47:39,30.5,RC-5+,EFI241107334,TLC30A08B
1739306869,2025-02-11,20:47:49,30.5,RC-5+,EFI241107334,TLC30A08B
1739306879,2025-02-11,20:47:59,30.5,RC-5+,EFI241107334,TLC30A08B
1739306889,2025-02-11,20:48:09,30.5,RC-5+,EFI241107334,TLC30A08B
1739306899,2025-02-11,20:48:19,30.5,RC-5+,EFI241107334,TLC30A08B
1739306909,2025-02-11,20:48:29,30.5,RC-5+,EFI241107334,TLC30A08B
1739306919,2025-02-11,20:48:39,30.5,RC-5+,EFI241107334,TLC30A08B
1739306929,2025-02-11,20:48:49,30.5,RC-5+,EFI241107334,TLC30A08B
1739306939,2025-02-11,20:48:59,30.6,RC-5+,EFI241107334,TLC30A08B
1739306949,2025-02-11,20:49:09,30.6,RC-5+,EFI241107334,TLC30A08B
1739306959,2025-02-11,20:49:19,30.6,RC-5+,EFI241107334,TLC30A08B
1739306969,2025-02-11,20:49:29,30.6,RC-5+,EFI241107334,TLC30A08B
1739306979,2025-02-11,20:49:39,30.6,RC-5+,EFI241107334,TLC30A08B
1739306989,2025-02-11,20:49:49,30.6,RC-5+,EFI241107334,TLC30A08B
1739306999,2025-02-11,20:49:59,30.6,RC-5+,EFI241107334,TLC30A08B
1739307009,2025-02-11,20:50:09,30.6,RC-5+,EFI241107334,TLC30A08B
1739307019,2025-02-11,20:50:19,30.6,RC-5+,EFI241107334,TLC30A08B
1739307029,2025-02-11,20:50:29,30.6,RC-5+,EFI241107334,TLC30A08B
1739307039,2025-02-11,20:50:39,30.6,RC-5+,EFI241107334,TLC30A08B
1739307049,2025-02-11,20:50:49,30.6,RC-5+,EFI241107334,TLC30A08B
1739307059,2025-02-11,20:50:59,30.6,RC-5+,EFI241107334,TLC30A08B
1739307069,2025-02-11,20:51:09,30.6,RC-5+,EFI241107334,TLC30A08B
1739307079,2025-02-11,20:51:19,30.7,RC-5+,EFI241107334,TLC30A08B
1739307089,2025-02-11,20:51:29,30.7,RC-5+,EFI241107334,TLC30A08B
1739307099,2025-02-11,20:51:39,30.7,RC-5+,EFI241107334,TLC30A08B
1739307109,2025-02-11,20:51:49,30.7,RC-5+,EFI241107334,TLC30A08B
1739307119,2025-02-11,20:51:59,30.8,RC-5+,EFI241107334,TLC30A08B
1739307129,2025-02-11,20:52:09,30.9,RC-5+,EFI241107334,TLC30A08B
1739307139,2025-02-11,20:52:19,31.0,RC-5+,EFI241107334,TLC30A08B
1739307149,2025-02-11,20:52:29,31.1,RC-5+,EFI241107334,TLC30A08B
1739307159,2025-02-11,20:52:39,31.2,RC-5+,EFI241107334,TLC30A08B
1739307169,2025-02-11,20:52:49,31.3,RC-5+,EFI241107334,TLC30A08B
1739307179,2025-02-11,20:52:59,31.3,RC-5+,EFI241107334,TLC30A08B
1739307189,2025-02-11,20:53:09,31.3,RC-5+,EFI241107334,TLC30A08B
1739307199,2025-02-11,20:53:19,31.4,RC-5+,EFI241107334,TLC30A08B
1739307209,2025-02-11,20:53:29,31.4,RC-5+,EFI241107334,TLC30A08B
1739307219,2025-02-11,20:53:39,31.4,RC-5+,EFI241107334,TLC30A08B
1739307229,2025-02-11,20:53:49,31.4,RC-5+,EFI241107334,TLC30A08B
1739307239,2025-02-11,20:53:59,31.4,RC-5+,EFI241107334,TLC30A08B
1739307249,2025-02-11,20:54:09,31.4,RC-5+,EFI241107334,TLC30A08B
1739307259,2025-02-11,20:54:19,31.5,RC-5+,EFI241107334,TLC30A08B
1739307269,2025-02-11,20:54:29,31.5,RC-5+,EFI241107334,TLC30A08B
1739307279,2025-02-11,20:54:39,31.4,RC-5+,EFI241107334,TLC30A08B
1739307289,2025-02-11,20:54:49,31.4,RC-5+,EFI241107334,TLC30A08B
1739307299,2025-02-11,20:54:59,31.4,RC-5+,EFI241107334,TLC30A08B
1739307309,2025-02-11,20:55:09,31.4,RC-5+,EFI241107334,TLC30A08B
1739307319,2025-02-11,20:55:19,31.4,RC-5+,EFI241107334,TLC30A08B
1739307329,2025-02-11,20:55:29,31.4,RC-5+,EFI241107334,TLC30A08B
1739307339,2025-02-11,20:55:39,31.4,RC-5+,EFI241107334,TLC30A08B
1739307349,2025-02-11,20:55:49,31.4,RC-5+,EFI241107334,TLC30A08B
1739307359,2025-02-11,20:55:59,31.4,RC-5+,EFI241107334,TLC30A08B
1739307369,2025-02-11,20:56:09,31.4,RC-5+,EFI241107334,TLC30A08B
1739307379,2025-02-11,20:56:19,31.4,RC-5+,EFI241107334,TLC30A08B
1739307389,2025-02-11,20:56:29,31.3,RC-5+,EFI241107334,TLC30A08B
1739307399,2025-02-11,20:56:39,31.3,RC-5+,EFI241107334,TLC30A08B
1739307409,2025-02-11,20:56:49,31.3,RC-5+,EFI241107334,TLC30A08B
1739307419,2025-02-11,20:56:59,31.3,RC-5+,EFI241107334,TLC30A08B
1739307429,2025-02-11,20:57:09,31.3,RC-5+,EFI241107334,TLC30A08B
1739307439,2025-02-11,20:57:19,31.3,RC-5+,EFI241107334,TLC30A08B
1739307449,2025-02-11,20:57:29,31.3,RC-5+,EFI241107334,TLC30A08B
1739307459,2025-02-11,20:57:39,31.2,RC-5+,EFI241107334,TLC30A08B
1739307469,2025-02-11,20:57:49,31.2,RC-5+,EFI241107334,TLC30A08B
1739307479,2025-02-11,20:57:59,31.2,RC-5+,EFI241107334,TLC30A08B
1739307489,2025-02-11,20:58:09,31.2,RC-5+,EFI241107334,TLC30A08B
1739307499,2025-02-11,20:58:19,31.2,RC-5+,EFI241107334,TLC30A08B
1739307509,2025-02-11,20:58:29,31.2,RC-5+,EFI241107334,TLC30A08B
1739307519,2025-02-11,20:58:39,31.2,RC-5+,EFI241107334,TLC30A08B
1739307529,2025-02-11,20:58:49,31.1,RC-5+,EFI241107334,TLC30A08B
1739307539,2025-02-11,20:58:59,31.1,RC-5+,EFI241107334,TLC30A08B
1739307549,2025-02-11,20:59:09,31.1,RC-5+,EFI241107334,TLC30A08B
1739307559,2025-02-11,20:59:19,31.1,RC-5+,EFI241107334,TLC30A08B
1739307569,2025-02-11,20:59:29,31.1,RC-5+,EFI241107334,TLC30A08B
1739307579,2025-02-11,20:59:39,31.1,RC-5+,EFI241107334,TLC30A08B
1739307589,2025-02-11,20:59:49,31.1,RC-5+,EFI241107334,TLC30A08B
1739307599,2025-02-11,20:59:59,31.0,RC-5+,EFI241107334,TLC30A08B
1739307609,2025-02-11,21:00:09,31.0,RC-5+,EFI241107334,TLC30A08B
1739307619,2025-02-11,21:00:19,31.0,RC-5+,EFI241107334,TLC30A08B
1739307629,2025-02-11,21:00:29,31.0,RC-5+,EFI241107334,TLC30A08B
1739307639,2025-02-11,21:00:39,31.0,RC-5+,EFI241107334,TLC30A08B
1739307649,2025-02-11,21:00:49,31.0,RC-5+,EFI241107334,TLC30A08B
1739307659,2025-02-11,21:00:59,31.0,RC-5+,EFI241107334,TLC30A08B
1739307669,2025-02-11,21:01:09,31.0,RC-5+,EFI241107334,TLC30A08B
1739307679,2025-02-11,21:01:19,31.0,RC-5+,EFI241107334,TLC30A08B
1739307689,2025-02-11,21:01:29,31.0,RC-5+,EFI241107334,TLC30A08B
1739307699,2025-02-11,21:01:39,30.9,RC-5+,EFI241107334,TLC30A08B
1739307709,2025-02-11,21:01:49,30.9,RC-5+,EFI241107334,TLC30A08B
1739307719,2025-02-11,21:01:59,30.9,RC-5+,EFI241107334,TLC30A08B
1739307729,2025-02-11,21:02:09,30.9,RC-5+,EFI241107334,TLC30A08B
1739307739,2025-02-11,21:02:19,30.9,RC-5+,EFI241107334,TLC30A08B
1739307749,2025-02-11,21:02:29,30.9,RC-5+,EFI241107334,TLC30A08B
1739307759,2025-02-11,21:02:39,30.9,RC-5+,EFI241107334,TLC30A08B
1739307769,2025-02-11,21:02:49,30.9,RC-5+,EFI241107334,TLC30A08B
1739307779,2025-02-11,21:02:59,30.9,RC-5+,EFI241107334,TLC30A08B
1739307789,2025-02-11,21:03:09,30.8,RC-5+,EFI241107334,TLC30A08B
1739307799,2025-02-11,21:03:19,30.8,RC-5+,EFI241107334,TLC30A08B
1739307809,2025-02-11,21:03:29,30.8,RC-5+,EFI241107334,TLC30A08B
1739307819,2025-02-11,21:03:39,30.8,RC-5+,EFI241107334,TLC30A08B
1739307829,2025-02-11,21:03:49,30.8,RC-5+,EFI241107334,TLC30A08B
1739307839,2025-02-11,21:03:59,30.8,RC-5+,EFI241107334,TLC30A08B
1739307849,2025-02-11,21:04:09,30.8,RC-5+,EFI241107334,TLC30A08B
1739307859,2025-02-11,21:04:19,30.8,RC-5+,EFI241107334,TLC30A08B
1739307869,2025-02-11,21:04:29,30.8,RC-5+,EFI241107334,TLC30A08B
1739307879,2025-02-11,21:04:39,30.8,RC-5+,EFI241107334,TLC30A08B
1739307889,2025-02-11,21:04:49,30.8,RC-5+,EFI241107334,TLC30A08B
1739307899,2025-02-11,21:04:59,30.8,RC-5+,EFI241107334,TLC30A08B
1739307909,2025-02-11,21:05:09,30.8,RC-5+,EFI241107334,TLC30A08B
1739307919,2025-02-11,21:05:19,30.7,RC-5+,EFI241107334,TLC30A08B
1739307929,2025-02-11,21:05:29,30.7,RC-5+,EFI241107334,TLC30A08B
1739307939,2025-02-11,21:05:39,30.7,RC-5+,EFI241107334,TLC30A08B
1739307949,2025-02-11,21:05:49,30.7,RC-5+,EFI241107334,TLC30A08B
1739307959,2025-02-11,21:05:59,30.7,RC-5+,EFI241107334,TLC30A08B
1739307969,2025-02-11,21:06:09,30.7,RC-5+,EFI241107334,TLC30A08B
1739307979,2025-02-11,21:06:19,30.7,RC-5+,EFI241107334,TLC30A08B
1739307989,2025-02-11,21:06:29,30.7,RC-5+,EFI241107334,TLC30A08B
1739307999,2025-02-11,21:06:39,30.7,RC-5+,EFI241107334,TLC30A08B
1739308009,2025-02-11,21:06:49,30.8,RC-5+,EFI241107334,TLC30A08B
1739308019,2025-02-11,21:06:59,30.8,RC-5+,EFI241107334,TLC30A08B
1739308029,2025-02-11,21:07:09,30.8,RC-5+,EFI241107334,TLC30A08B
1739308039,2025-02-11,21:07:19,30.8,RC-5+,EFI241107334,TLC30A08B
1739308049,2025-02-11,21:07:29,30.8,RC-5+,EFI241107334,TLC30A08B
1739308059,2025-02-11,21:07:39,30.8,RC-5+,EFI241107334,TLC30A08B
1739308069,2025-02-11,21:07:49,30.8,RC-5+,EFI241107334,TLC30A08B
1739308079,2025-02-11,21:07:59,30.8,RC-5+,EFI241107334,TLC30A08B
1739308089,2025-02-11,21:08:09,30.8,RC-5+,EFI241107334,TLC30A08B
1739308099,2025-02-11,21:08:19,30.8,RC-5+,EFI241107334,TLC30A08B
1739308109,2025-02-11,21:08:29,30.8,RC-5+,EFI241107334,TLC30A08B
1739308119,2025-02-11,21:08:39,30.8,RC-5+,EFI241107334,TLC30A08B
1739308129,2025-02-11,21:08:49,30.8,RC-5+,EFI241107334,TLC30A08B
1739308139,2025-02-11,21:08:59,30.8,RC-5+,EFI241107334,TLC30A08B
1739308149,2025-02-11,21:09:09,30.8,RC-5+,EFI241107334,TLC30A08B
1739308159,2025-02-11,21:09:19,30.8,RC-5+,EFI241107334,TLC30A08B
1739308169,2025-02-11,21:09:29,30.8,RC-5+,EFI241107334,TLC30A08B
1739308179,2025-02-11,21:09:39,30.8,RC-5+,EFI241107334,TLC30A08B
1739308189,2025-02-11,21:09:49,30.8,RC-5+,EFI241107334,TLC30A08B
1739308199,2025-02-11,21:09:59,30.8,RC-5+,EFI241107334,TLC30A08B
1739308209,2025-02-11,21:10:09,30.8,RC-5+,EFI241107334,TLC30A08B
1739308219,2025-02-11,21:10:19,30.8,RC-5+,EFI241107334,TLC30A08B
1739308229,2025-02-11,21:10:29,30.8,RC-5+,EFI241107334,TLC30A08B
1739308239,2025-02-11,21:10:39,30.8,RC-5+,EFI241107334,TLC30A08B
1739308249,2025-02-11,21:10:49,30.8,RC-5+,EFI241107334,TLC30A08B
1739308259,2025-02-11,21:10:59,30.8,RC-5+,EFI241107334,TLC30A08B
1739308269,2025-02-11,21:11:09,30.8,RC-5+,EFI241107334,TLC30A08B
1739308279,2025-02-11,21:11:19,30.7,RC-5+,EFI241107334,TLC30A08B
1739308289,2025-02-11,21:11:29,30.7,RC-5+,EFI241107334,TLC30A08B
1739308299,2025-02-11,21:11:39,30.7,RC-5+,EFI241107334,TLC30A08B
1739308309,2025-02-11,21:11:49,30.7,RC-5+,EFI241107334,TLC30A08B
1739308319,2025-02-11,21:11:59,30.7,RC-5+,EFI241107334,TLC30A08B
1739308329,2025-02-11,21:12:09,30.7,RC-5+,EFI241107334,TLC30A08B
1739308339,2025-02-11,21:12:19,30.7,RC-5+,EFI241107334,TLC30A08B
1739308349,2025-02-11,21:12:29,30.7,RC-5+,EFI241107334,TLC30A08B
1739308359,2025-02-11,21:12:39,30.7,RC-5+,EFI241107334,TLC30A08B
1739308369,2025-02-11,21:12:49,30.7,RC-5+,EFI241107334,TLC30A08B
1739308379,2025-02-11,21:12:59,30.7,RC-5+,EFI241107334,TLC30A08B
1739308389,2025-02-11,21:13:09,30.7,RC-5+,EFI241107334,TLC30A08B
1739308399,2025-02-11,21:13:19,30.7,RC-5+,EFI241107334,TLC30A08B
1739308409,2025-02-11,21:13:29,30.7,RC-5+,EFI241107334,TLC30A08B
1739308419,2025-02-11,21:13:39,30.6,RC-5+,EFI241107334,TLC30A08B
1739308429,2025-02-11,21:13:49,30.6,RC-5+,EFI241107334,TLC30A08B
1739308439,2025-02-11,21:13:59,30.6,RC-5+,EFI241107334,TLC30A08B
1739308449,2025-02-11,21:14:09,30.6,RC-5+,EFI241107334,TLC30A08B
1739308459,2025-02-11,21:14:19,30.6,RC-5+,EFI241107334,TLC30A08B
1739308469,2025-02-11,21:14:29,30.6,RC-5+,EFI241107334,TLC30A08B
1739308479,2025-02-11,21:14:39,30.6,RC-5+,EFI241107334,TLC30A08B
1739308489,2025-02-11,21:14:49,30.6,RC-5+,EFI241107334,TLC30A08B
1739308499,2025-02-11,21:14:59,30.6,RC-5+,EFI241107334,TLC30A08B
1739308509,2025-02-11,21:15:09,30.6,RC-5+,EFI241107334,TLC30A08B
1739308519,2025-02-11,21:15:19,30.6,RC-5+,EFI241107334,TLC30A08B
1739308529,2025-02-11,21:15:29,30.6,RC-5+,EFI241107334,TLC30A08B
1739308539,2025-02-11,21:15:39,30.6,RC-5+,EFI241107334,TLC30A08B
1739308549,2025-02-11,21:15:49,30.6,RC-5+,EFI241107334,TLC30A08B
1739308559,2025-02-11,21:15:59,30.6,RC-5+,EFI241107334,TLC30A08B
1739308569,2025-02-11,21:16:09,30.5,RC-5+,EFI241107334,TLC30A08B
1739308579,2025-02-11,21:16:19,30.5,RC-5+,EFI241107334,TLC30A08B
1739308589,2025-02-11,21:16:29,30.5,RC-5+,EFI241107334,TLC30A08B
1739308599,2025-02-11,21:16:39,30.5,RC-5+,EFI241107334,TLC30A08B
1739308609,2025-02-11,21:16:49,30.5,RC-5+,EFI241107334,TLC30A08B
1739308619,2025-02-11,21:16:59,30.5,RC-5+,EFI241107334,TLC30A08B
1739308629,2025-02-11,21:17:09,30.5,RC-5+,EFI241107334,TLC30A08B
1739308639,2025-02-11,21:17:19,30.5,RC-5+,EFI241107334,TLC30A08B
1739308649,2025-02-11,21:17:29,30.5,RC-5+,EFI241107334,TLC30A08B
1739308659,2025-02-11,21:17:39,30.5,RC-5+,EFI241107334,TLC30A08B
1739308669,2025-02-11,21:17:49,30.5,RC-5+,EFI241107334,TLC30A08B
1739308679,2025-02-11,21:17:59,30.5,RC-5+,EFI241107334,TLC30A08B
1739308689,2025-02-11,21:18:09,30.5,RC-5+,EFI241107334,TLC30A08B
1739308699,2025-02-11,21:18:19,30.5,RC-5+,EFI241107334,TLC30A08B
1739308709,2025-02-11,21:18:29,30.5,RC-5+,EFI241107334,TLC30A08B
1739308719,2025-02-11,21:18:39,30.5,RC-5+,EFI241107334,TLC30A08B
1739308729,2025-02-11,21:18:49,30.5,RC-5+,EFI241107334,TLC30A08B
1739308739,2025-02-11,21:18:59,30.5,RC-5+,EFI241107334,TLC30A08B
1739308749,2025-02-11,21:19:09,30.5,RC-5+,EFI241107334,TLC30A08B
1739308759,2025-02-11,21:19:19,30.5,RC-5+,EFI241107334,TLC30A08B
1739308769,2025-02-11,21:19:29,30.5,RC-5+,EFI241107334,TLC30A08B
1739308779,2025-02-11,21:19:39,30.5,RC-5+,EFI241107334,TLC30A08B
1739308789,2025-02-11,21:19:49,30.5,RC-5+,EFI241107334,TLC30A08B
1739308799,2025-02-11,21:19:59,30.5,RC-5+,EFI241107334,TLC30A08B
1739308809,2025-02-11,21:20:09,30.5,RC-5+,EFI241107334,TLC30A08B
1739308819,2025-02-11,21:20:19,30.5,RC-5+,EFI241107334,TLC30A08B
1739308829,2025-02-11,21:20:29,30.4,RC-5+,EFI241107334,TLC30A08B
1739308839,2025-02-11,21:20:39,30.4,RC-5+,EFI241107334,TLC30A08B
1739308849,2025-02-11,21:20:49,30.4,RC-5+,EFI241107334,TLC30A08B
1739308859,2025-02-11,21:20:59,30.4,RC-5+,EFI241107334,TLC30A08B
1739308869,2025-02-11,21:21:09,30.4,RC-5+,EFI241107334,TLC30A08B
1739308879,2025-02-11,21:21:19,30.4,RC-5+,EFI241107334,TLC30A08B
1739308889,2025-02-11,21:21:29,30.4,RC-5+,EFI241107334,TLC30A08B
1739308899,2025-02-11,21:21:39,30.4,RC-5+,EFI241107334,TLC30A08B
1739308909,2025-02-11,21:21:49,30.4,RC-5+,EFI241107334,TLC30A08B
1739308919,2025-02-11,21:21:59,30.4,RC-5+,EFI241107334,TLC30A08B
1739308929,2025-02-11,21:22:09,30.4,RC-5+,EFI241107334,TLC30A08B
1739308939,2025-02-11,21:22:19,30.4,RC-5+,EFI241107334,TLC30A08B
1739308949,2025-02-11,21:22:29,30.4,RC-5+,EFI241107334,TLC30A08B
1739308959,2025-02-11,21:22:39,30.4,RC-5+,EFI241107334,TLC30A08B
1739308969,2025-02-11,21:22:49,30.4,RC-5+,EFI241107334,TLC30A08B
1739308979,2025-02-11,21:22:59,30.4,RC-5+,EFI241107334,TLC30A08B
1739308989,2025-02-11,21:23:09,30.4,RC-5+,EFI241107334,TLC30A08B
1739308999,2025-02-11,21:23:19,30.4,RC-5+,EFI241107334,TLC30A08B
1739309009,2025-02-11,21:23:29,30.4,RC-5+,EFI241107334,TLC30A08B
1739309019,2025-02-11,21:23:39,30.4,RC-5+,EFI241107334,TLC30A08B
1739309029,2025-02-11,21:23:49,30.4,RC-5+,EFI241107334,TLC30A08B
1739309039,2025-02-11,21:23:59,30.4,RC-5+,EFI241107334,TLC30A08B
1739309049,2025-02-11,21:24:09,30.4,RC-5+,EFI241107334,TLC30A08B
1739309059,2025-02-11,21:24:19,30.4,RC-5+,EFI241107334,TLC30A08B
1739309069,2025-02-11,21:24:29,30.4,RC-5+,EFI241107334,TLC30A08B
1739309079,2025-02-11,21:24:39,30.5,RC-5+,EFI241107334,TLC30A08B
1739309089,2025-02-11,21:24:49,30.5,RC-5+,EFI241107334,TLC30A08B
1739309099,2025-02-11,21:24:59,30.5,RC-5+,EFI241107334,TLC30A08B
1739309109,2025-02-11,21:25:09,30.5,RC-5+,EFI241107334,TLC30A08B
1739309119,2025-02-11,21:25:19,30.5,RC-5+,EFI241107334,TLC30A08B
1739309129,2025-02-11,21:25:29,30.5,RC-5+,EFI241107334,TLC30A08B
1739309139,2025-02-11,21:25:39,30.5,RC-5+,EFI241107334,TLC30A08B
1739309149,2025-02-11,21:25:49,30.5,RC-5+,EFI241107334,TLC30A08B
1739309159,2025-02-11,21:25:59,30.5,RC-5+,EFI241107334,TLC30A08B
1739309169,2025-02-11,21:26:09,30.5,RC-5+,EFI241107334,TLC30A08B
1739309179,2025-02-11,21:26:19,30.5,RC-5+,EFI241107334,TLC30A08B
